{
  "implicitDependencies": {
    "package.json": {
      "dependencies": "*",
      "devDependencies": "*"
    },
    ".eslintrc.json": "*"
  },
  "affected": {
    "defaultBase": "master"
  },
  "npmScope": "valant",
  "tasksRunnerOptions": {
    "default": {
      "runner": "@nrwl/workspace/tasks-runners/default",
      "options": {
        "cacheableOperations": ["build", "lint", "test", "e2e"]
      }
    }
  },
  "projects": {
    "demo": {
      "tags": []
    },
    "demo-e2e": {
      "tags": [],
      "implicitDependencies": ["demo"]
    }
  }
}
